date,UNRATE,ICSA,INDPRO,PAYEMS,file for unemployment,unemployment office,jobs near me
2004-01-31,5.7,360200.0,92.4006,130756.0,1.0,21.0,0.0
2004-02-29,5.6,360750.0,92.958,130821.0,1.0,17.0,0.0
2004-03-31,5.8,342000.0,92.5861,131140.0,1.0,16.0,0.0
2004-04-30,5.6,348250.0,92.93,131412.0,0.0,15.0,0.0
2004-05-31,5.6,336200.0,93.6013,131697.0,1.0,13.0,0.0
2004-06-30,5.6,349000.0,92.871,131794.0,1.0,16.0,0.0
2004-07-31,5.5,343000.0,93.5649,131854.0,1.0,17.0,0.0
2004-08-31,5.4,340750.0,93.6277,131939.0,1.0,17.0,0.0
2004-09-30,5.4,337250.0,93.7467,132089.0,1.0,16.0,0.0
2004-10-31,5.5,334000.0,94.5465,132429.0,1.0,15.0,0.0
2004-11-30,5.4,328750.0,94.7813,132503.0,1.0,13.0,0.0
2004-12-31,5.4,325250.0,95.5365,132630.0,1.0,15.0,0.0
2005-01-31,5.3,343400.0,95.8801,132781.0,2.0,17.0,0.0
2005-02-28,5.4,311750.0,96.5761,133034.0,1.0,15.0,0.0
2005-03-31,5.2,332000.0,96.4456,133154.0,1.0,13.0,0.0
2005-04-30,5.2,323200.0,96.6532,133520.0,1.0,13.0,0.0
2005-05-31,5.1,327000.0,96.7402,133689.0,1.0,14.0,0.0
2005-06-30,5.0,325750.0,97.1753,133948.0,1.0,16.0,0.0
2005-07-31,5.0,324400.0,96.8676,134300.0,1.0,15.0,0.0
2005-08-31,4.9,315750.0,97.1833,134502.0,1.0,14.0,0.0
2005-09-30,5.0,382750.0,95.3005,134552.0,1.0,16.0,0.0
2005-10-31,5.0,352200.0,96.4572,134641.0,1.0,14.0,0.0
2005-11-30,5.0,317250.0,97.5414,134997.0,1.0,14.0,0.0
2005-12-31,4.9,316400.0,98.0452,135159.0,1.0,12.0,0.0
2006-01-31,4.7,295750.0,98.1999,135427.0,1.0,17.0,0.0
2006-02-28,4.8,290750.0,98.2413,135733.0,1.0,13.0,0.0
2006-03-31,4.7,301750.0,98.4628,136038.0,1.0,12.0,0.0
2006-04-30,4.7,303600.0,98.7618,136210.0,1.0,12.0,0.0
2006-05-31,4.6,332750.0,98.7869,136249.0,1.0,14.0,0.0
2006-06-30,4.6,305500.0,99.0997,136337.0,1.0,17.0,0.0
2006-07-31,4.7,318800.0,99.0489,136529.0,1.0,16.0,0.0
2006-08-31,4.7,314250.0,99.4836,136692.0,1.0,16.0,0.0
2006-09-30,4.5,316200.0,99.3183,136826.0,1.0,15.0,0.0
2006-10-31,4.4,315500.0,99.2044,136843.0,1.0,16.0,0.0
2006-11-30,4.5,326250.0,99.1627,137060.0,1.0,14.0,0.0
2006-12-31,4.4,324000.0,100.1735,137249.0,1.0,15.0,0.0
2007-01-31,4.6,317250.0,99.8346,137472.0,2.0,20.0,0.0
2007-02-28,4.5,322750.0,100.7753,137560.0,1.0,15.0,0.0
2007-03-31,4.4,309400.0,100.9547,137784.0,1.0,15.0,0.0
2007-04-30,4.5,320250.0,101.6334,137847.0,1.0,15.0,0.0
2007-05-31,4.4,304250.0,101.7306,137992.0,1.0,15.0,0.0
2007-06-30,4.6,315200.0,101.7893,138070.0,1.0,18.0,0.0
2007-07-31,4.7,313250.0,101.6672,138044.0,1.0,19.0,0.0
2007-08-31,4.6,320000.0,101.863,138013.0,1.0,18.0,0.0
2007-09-30,4.7,313400.0,102.0894,138099.0,1.0,16.0,0.0
2007-10-31,4.7,328250.0,101.8015,138175.0,1.0,16.0,0.0
2007-11-30,4.7,336000.0,102.3446,138290.0,2.0,18.0,0.0
2007-12-31,5.0,348200.0,102.3803,138395.0,2.0,17.0,0.0
2008-01-31,5.0,338750.0,102.2448,138391.0,2.0,22.0,0.0
2008-02-29,4.9,346750.0,101.8438,138329.0,2.0,19.0,0.0
2008-03-31,5.1,363400.0,101.5336,138259.0,2.0,18.0,0.0
2008-04-30,5.0,359500.0,100.8785,138040.0,2.0,18.0,0.0
2008-05-31,5.4,366800.0,100.2674,137851.0,2.0,18.0,0.0
2008-06-30,5.6,383250.0,100.0335,137700.0,2.0,19.0,0.0
2008-07-31,5.8,398000.0,99.676,137497.0,3.0,23.0,0.0
2008-08-31,6.1,433000.0,98.1111,137211.0,2.0,24.0,0.0
2008-09-30,6.1,464000.0,93.7895,136760.0,3.0,25.0,0.0
2008-10-31,6.5,475250.0,94.7219,136291.0,3.0,25.0,0.0
2008-11-30,6.8,519800.0,93.4715,135541.0,4.0,26.0,0.0
2008-12-31,7.3,564000.0,90.8357,134847.0,5.0,35.0,0.0
2009-01-31,7.8,572000.0,88.57,134079.0,6.0,42.0,0.0
2009-02-28,8.3,644000.0,88.031,133318.0,6.0,35.0,0.0
2009-03-31,8.7,659250.0,86.6528,132494.0,5.0,31.0,0.0
2009-04-30,9.0,627750.0,85.9344,131822.0,5.0,31.0,0.0
2009-05-31,9.4,612000.0,85.0665,131466.0,4.0,27.0,0.0
2009-06-30,9.5,598250.0,84.7459,131008.0,5.0,34.0,0.0
2009-07-31,9.5,566500.0,85.7027,130662.0,5.0,33.0,0.0
2009-08-31,9.6,559200.0,86.6426,130472.0,5.0,32.0,0.0
2009-09-30,9.8,547500.0,87.4063,130246.0,4.0,27.0,0.0
2009-10-31,10.0,525400.0,87.6419,130061.0,4.0,23.0,0.0
2009-11-30,9.9,494000.0,88.0221,130057.0,4.0,24.0,0.0
2009-12-31,9.9,485500.0,88.3793,129808.0,4.0,21.0,0.0
2010-01-31,9.8,479800.0,89.3426,129802.0,5.0,27.0,0.0
2010-02-28,9.8,485750.0,89.6779,129706.0,4.0,22.0,0.0
2010-03-31,9.9,470250.0,90.2928,129866.0,4.0,20.0,0.0
2010-04-30,9.9,469000.0,90.5991,130120.0,4.0,19.0,0.0
2010-05-31,9.6,459400.0,91.823,130642.0,4.0,19.0,0.0
2010-06-30,9.4,460500.0,91.9928,130510.0,4.0,21.0,0.0
2010-07-31,9.4,459200.0,92.3421,130415.0,4.0,23.0,0.0
2010-08-31,9.5,475000.0,92.6805,130415.0,4.0,23.0,0.0
2010-09-30,9.5,453500.0,92.9537,130341.0,4.0,19.0,0.0
2010-10-31,9.4,446800.0,92.6903,130620.0,4.0,16.0,0.0
2010-11-30,9.8,426250.0,92.7709,130749.0,4.0,18.0,0.0
2010-12-31,9.3,420250.0,93.6787,130830.0,4.0,20.0,0.0
2011-01-31,9.1,426800.0,93.4814,130837.0,7.0,29.0,0.0
2011-02-28,9.0,401500.0,93.1102,131057.0,5.0,24.0,0.0
2011-03-31,9.0,406000.0,94.0788,131283.0,4.0,21.0,0.0
2011-04-30,9.1,420600.0,93.7749,131597.0,4.0,22.0,0.0
2011-05-31,9.0,422500.0,93.888,131703.0,4.0,21.0,0.0
2011-06-30,9.1,418250.0,94.172,131931.0,5.0,24.0,0.0
2011-07-31,9.0,412600.0,94.636,131992.0,5.0,23.0,0.0
2011-08-31,9.0,409500.0,95.2749,132125.0,5.0,23.0,0.0
2011-09-30,9.0,417750.0,95.1961,132344.0,4.0,21.0,0.0
2011-10-31,8.8,402400.0,95.8568,132553.0,5.0,21.0,0.0
2011-11-30,8.6,389250.0,95.8485,132690.0,4.0,23.0,0.0
2011-12-31,8.5,377000.0,96.3571,132888.0,5.0,23.0,0.0
2012-01-31,8.3,377750.0,96.9318,133246.0,6.0,29.0,0.0
2012-02-29,8.3,363250.0,97.2435,133509.0,5.0,22.0,0.0
2012-03-31,8.2,366600.0,96.74,133748.0,4.0,19.0,0.0
2012-04-30,8.2,381750.0,97.4359,133825.0,4.0,21.0,0.0
2012-05-31,8.2,373500.0,97.6609,133932.0,4.0,22.0,0.0
2012-06-30,8.2,379200.0,97.6663,134013.0,4.0,23.0,0.0
2012-07-31,8.2,372500.0,97.8713,134157.0,5.0,26.0,0.0
2012-08-31,8.1,373250.0,97.4525,134339.0,4.0,26.0,0.0
2012-09-30,7.8,381800.0,97.381,134517.0,4.0,24.0,0.0
2012-10-31,7.8,368500.0,97.7193,134669.0,4.0,26.0,0.0
2012-11-30,7.7,401250.0,98.0777,134825.0,4.0,26.0,0.0
2012-12-31,7.9,359000.0,98.3101,135074.0,4.0,23.0,0.0
2013-01-31,8.0,353000.0,98.3342,135257.0,5.0,31.0,1.0
2013-02-28,7.7,353000.0,98.7941,135546.0,4.0,23.0,0.0
2013-03-31,7.5,351800.0,99.1921,135689.0,4.0,19.0,0.0
2013-04-30,7.6,347250.0,99.1065,135873.0,4.0,21.0,1.0
2013-05-31,7.5,347750.0,99.1839,136096.0,4.0,19.0,1.0
2013-06-30,7.5,344600.0,99.3897,136279.0,4.0,22.0,1.0
2013-07-31,7.3,346000.0,99.0814,136391.0,4.0,25.0,1.0
2013-08-31,7.2,333400.0,99.6543,136646.0,4.0,22.0,1.0
2013-09-30,7.2,314000.0,100.161,136821.0,4.0,21.0,1.0
2013-10-31,7.2,358500.0,100.082,137041.0,5.0,24.0,1.0
2013-11-30,6.9,328200.0,100.3158,137317.0,4.0,20.0,1.0
2013-12-31,6.7,346000.0,100.5175,137372.0,5.0,23.0,1.0
2014-01-31,6.6,326750.0,100.1599,137561.0,5.0,28.0,2.0
2014-02-28,6.7,335250.0,100.9168,137712.0,4.0,21.0,2.0
2014-03-31,6.7,321000.0,101.8942,137985.0,4.0,17.0,2.0
2014-04-30,6.2,322750.0,101.9928,138298.0,3.0,17.0,2.0
2014-05-31,6.3,313800.0,102.3836,138513.0,3.0,15.0,2.0
2014-06-30,6.1,313500.0,102.735,138849.0,4.0,16.0,3.0
2014-07-31,6.2,301750.0,102.9632,139072.0,4.0,17.0,3.0
2014-08-31,6.1,302000.0,102.7688,139269.0,3.0,15.0,3.0
2014-09-30,5.9,295000.0,103.0641,139563.0,3.0,16.0,4.0
2014-10-31,5.7,288750.0,103.0764,139798.0,3.0,15.0,4.0
2014-11-30,5.8,291600.0,103.7126,140089.0,3.0,15.0,4.0
2014-12-31,5.6,284500.0,103.7044,140364.0,3.0,17.0,4.0
2015-01-31,5.7,287600.0,102.8905,140568.0,4.0,20.0,6.0
2015-02-28,5.5,301250.0,102.2335,140827.0,3.0,17.0,6.0
2015-03-31,5.4,284000.0,101.8914,140923.0,3.0,16.0,6.0
2015-04-30,5.4,286000.0,101.3355,141196.0,3.0,15.0,5.0
2015-05-31,5.6,274000.0,100.8883,141538.0,3.0,14.0,6.0
2015-06-30,5.3,273750.0,100.571,141709.0,3.0,16.0,8.0
2015-07-31,5.2,277750.0,101.2228,141991.0,3.0,17.0,9.0
2015-08-31,5.1,275200.0,101.0367,142125.0,3.0,16.0,9.0
2015-09-30,5.0,269500.0,100.7547,142275.0,3.0,16.0,9.0
2015-10-31,5.0,267000.0,100.2675,142579.0,3.0,16.0,9.0
2015-11-30,5.1,268500.0,99.5298,142808.0,3.0,15.0,8.0
2015-12-31,5.0,271000.0,99.0417,143077.0,3.0,17.0,8.0
2016-01-31,4.8,279600.0,99.5607,143210.0,4.0,21.0,12.0
2016-02-29,4.9,266750.0,99.0445,143406.0,4.0,17.0,12.0
2016-03-31,5.0,263250.0,98.3096,143662.0,3.0,15.0,13.0
2016-04-30,5.1,266000.0,98.6421,143854.0,3.0,14.0,14.0
2016-05-31,4.8,274500.0,98.4184,143900.0,3.0,15.0,16.0
2016-06-30,4.9,265250.0,98.8833,144147.0,4.0,16.0,19.0
2016-07-31,4.8,259400.0,98.9992,144520.0,3.0,17.0,19.0
2016-08-31,4.9,263500.0,98.85,144661.0,3.0,16.0,19.0
2016-09-30,5.0,251500.0,98.7457,144967.0,3.0,14.0,19.0
2016-10-31,4.9,255800.0,98.7611,145065.0,3.0,14.0,19.0
2016-11-30,4.7,245750.0,98.3491,145183.0,3.0,15.0,17.0
2016-12-31,4.7,252200.0,99.0214,145408.0,3.0,17.0,18.0
2017-01-31,4.7,244000.0,98.7611,145628.0,4.0,22.0,26.0
2017-02-28,4.6,230250.0,98.3646,145846.0,3.0,16.0,22.0
2017-03-31,4.4,233750.0,99.0137,145970.0,3.0,13.0,22.0
2017-04-30,4.4,227800.0,100.0224,146175.0,3.0,13.0,24.0
2017-05-31,4.4,239000.0,100.1408,146380.0,3.0,15.0,28.0
2017-06-30,4.3,248000.0,100.3471,146583.0,3.0,18.0,36.0
2017-07-31,4.3,250800.0,100.1068,146772.0,3.0,16.0,36.0
2017-08-31,4.4,247750.0,99.6925,146919.0,3.0,14.0,37.0
2017-09-30,4.3,272400.0,99.7954,147008.0,3.0,13.0,36.0
2017-10-31,4.2,242250.0,101.0247,147149.0,3.0,14.0,38.0
2017-11-30,4.2,247750.0,101.2664,147372.0,3.0,15.0,36.0
2017-12-31,4.1,242600.0,101.4644,147523.0,3.0,15.0,35.0
2018-01-31,4.0,235250.0,101.4625,147660.0,4.0,20.0,48.0
2018-02-28,4.1,221000.0,101.7085,148054.0,3.0,15.0,42.0
2018-03-31,4.0,225800.0,102.2067,148280.0,3.0,14.0,41.0
2018-04-30,4.0,221500.0,103.3329,148420.0,3.0,13.0,45.0
2018-05-31,3.8,221250.0,102.4024,148742.0,3.0,12.0,54.0
2018-06-30,4.0,222600.0,103.198,148960.0,3.0,14.0,64.0
2018-07-31,3.8,209500.0,103.3646,149020.0,3.0,17.0,65.0
2018-08-31,3.8,208500.0,104.0327,149277.0,3.0,14.0,64.0
2018-09-30,3.7,205200.0,104.1004,149358.0,3.0,11.0,62.0
2018-10-31,3.8,213000.0,103.9856,149527.0,3.0,13.0,63.0
2018-11-30,3.8,225250.0,104.0681,149617.0,3.0,15.0,59.0
2018-12-31,3.9,224600.0,104.0936,149809.0,3.0,14.0,56.0
2019-01-31,4.0,222750.0,103.4021,150060.0,4.0,18.0,71.0
2019-02-28,3.8,222500.0,102.8371,150067.0,4.0,15.0,65.0
2019-03-31,3.8,211800.0,102.8757,150295.0,3.0,13.0,64.0
2019-04-30,3.7,209750.0,102.274,150591.0,3.0,14.0,69.0
2019-05-31,3.6,218500.0,102.392,150618.0,3.0,13.0,84.0
2019-06-30,3.6,225200.0,102.4375,150838.0,3.0,14.0,94.0
2019-07-31,3.7,208500.0,101.9408,150937.0,3.0,16.0,88.0
2019-08-31,3.6,211000.0,102.639,151169.0,3.0,14.0,94.0
2019-09-30,3.5,209500.0,102.2917,151365.0,3.0,13.0,88.0
2019-10-31,3.6,212250.0,101.4281,151460.0,3.0,13.0,87.0
2019-11-30,3.6,224400.0,101.9372,151667.0,3.0,14.0,84.0
2019-12-31,3.6,236000.0,101.7003,151794.0,4.0,16.0,77.0
2020-01-31,3.6,215500.0,101.0338,152031.0,4.0,18.0,98.0
2020-02-29,3.5,210200.0,101.3735,152293.0,3.0,15.0,84.0
2020-03-31,4.4,2335250.0,97.4078,150895.0,76.0,78.0,70.0
2020-04-30,14.8,4663250.0,84.5619,130426.0,100.0,100.0,55.0
2020-05-31,13.2,2173400.0,85.9604,133040.0,48.0,65.0,72.0
2020-06-30,11.0,1490250.0,91.5934,137671.0,33.0,63.0,89.0
2020-07-31,10.2,1383500.0,95.0256,139255.0,28.0,54.0,85.0
2020-08-31,8.4,922400.0,95.9549,140821.0,18.0,38.0,87.0
2020-09-30,7.8,851750.0,95.9669,141770.0,14.0,30.0,85.0
2020-10-31,6.9,795400.0,96.7394,142460.0,12.0,26.0,89.0
2020-11-30,6.7,751250.0,97.0816,142733.0,11.0,22.0,79.0
2020-12-31,6.7,836750.0,98.363,142548.0,14.0,24.0,82.0
2021-01-31,6.4,827800.0,98.8822,142863.0,18.0,30.0,90.0
2021-02-28,6.2,755000.0,95.6149,143380.0,13.0,30.0,85.0
2021-03-31,6.1,669250.0,98.3856,144232.0,13.0,25.0,72.0
2021-04-30,6.1,589000.0,98.5587,144587.0,11.0,22.0,73.0
2021-05-31,5.8,469200.0,99.4333,145065.0,10.0,21.0,87.0
2021-06-30,5.9,409500.0,99.7987,145820.0,7.0,21.0,94.0
2021-07-31,5.4,370000.0,100.2519,146762.0,7.0,17.0,92.0
2021-08-31,5.1,359750.0,100.0437,147314.0,7.0,15.0,96.0
2021-09-30,4.7,354750.0,98.8579,147771.0,5.0,12.0,89.0
2021-10-31,4.5,284400.0,100.1861,148572.0,4.0,9.0,90.0
2021-11-30,4.1,236500.0,100.8654,149230.0,4.0,8.0,85.0
2021-12-31,3.9,216250.0,100.5726,149816.0,4.0,8.0,74.0
2022-01-31,4.0,239200.0,100.1856,150006.0,5.0,11.0,87.0
2022-02-28,3.9,219000.0,100.8064,150825.0,4.0,10.0,80.0
2022-03-31,3.7,215000.0,101.3907,151315.0,3.0,9.0,86.0
2022-04-30,3.7,213000.0,101.44,151623.0,3.0,8.0,78.0
2022-05-31,3.6,209750.0,101.3335,151924.0,3.0,8.0,88.0
2022-06-30,3.6,212500.0,101.018,152358.0,3.0,9.0,95.0
2022-07-31,3.5,218200.0,101.223,153072.0,4.0,10.0,89.0
2022-08-31,3.6,216500.0,101.0963,153362.0,3.0,9.0,91.0
2022-09-30,3.5,197500.0,101.2918,153582.0,3.0,7.0,80.0
2022-10-31,3.6,202600.0,101.2529,153939.0,3.0,8.0,75.0
2022-11-30,3.6,210750.0,100.9552,154242.0,3.0,8.0,71.0
2022-12-31,3.5,208200.0,99.7664,154342.0,3.0,9.0,69.0
2023-01-31,3.5,204500.0,100.505,154776.0,4.0,10.0,90.0
2023-02-28,3.6,214750.0,100.6416,155066.0,4.0,8.0,85.0
2023-03-31,3.5,229000.0,101.0205,155134.0,3.0,8.0,83.0
2023-04-30,3.4,216400.0,101.253,155375.0,4.0,7.0,80.0
2023-05-31,3.6,226000.0,100.9286,155655.0,4.0,8.0,90.0
2023-06-30,3.6,250750.0,100.1196,155880.0,4.0,9.0,100.0
2023-07-31,3.5,235200.0,100.9067,156043.0,4.0,9.0,91.0
2023-08-31,3.7,245000.0,100.8393,156261.0,4.0,9.0,89.0
2023-09-30,3.7,218600.0,101.0211,156417.0,3.0,8.0,82.0
2023-10-31,3.9,210250.0,100.4689,156576.0,3.0,8.0,79.0
2023-11-30,3.7,218000.0,100.8639,156703.0,4.0,9.0,78.0
2023-12-31,3.8,207800.0,100.6031,156857.0,4.0,9.0,73.0
2024-01-31,3.7,211500.0,99.2223,157032.0,5.0,12.0,90.0
2024-02-29,3.9,210000.0,100.285,157238.0,4.0,9.0,78.0
2024-03-31,3.9,215200.0,100.4575,157466.0,4.0,7.0,71.0
2024-04-30,3.9,210250.0,100.2434,157530.0,4.0,8.0,78.0
2024-05-31,3.9,222000.0,100.863,157608.0,4.0,8.0,87.0
2024-06-30,4.1,234800.0,100.894,157695.0,4.0,8.0,89.0
2024-07-31,4.2,237250.0,99.9757,157748.0,4.0,10.0,93.0
2024-08-31,4.2,230600.0,100.4309,157757.0,4.0,8.0,87.0
2024-09-30,4.1,224500.0,99.8084,157912.0,4.0,7.0,84.0
2024-10-31,4.1,236250.0,99.4695,157945.0,4.0,7.0,78.0
2024-11-30,4.2,219200.0,99.2925,158079.0,3.0,7.0,74.0
2024-12-31,4.1,222750.0,100.3273,158316.0,4.0,8.0,71.0
